{"cameraMode":{"drawMode":0,"name":"Shaded","section":"Shading Mode"},"sceneLighting":true,"audioPlay":false,"sceneViewState":{"m_AlwaysRefresh":false,"showFog":true,"showSkybox":true,"showFlares":true,"showImageEffects":true,"showParticleSystems":true,"showVisualEffectGraphs":true,"m_FxEnabled":true},"in2DMode":false,"pivot":{"x":-1.061156988143921,"y":0.15903687477111817,"z":7.684528350830078},"rotation":{"x":0.08167414367198944,"y":-0.05677885189652443,"z":0.004660940729081631,"w":0.995036780834198},"size":4.06308126449585,"orthographic":false}